adesivo,instante,repeticao,resistencia
CB,0 min,1,8.56
CB,0 min,2,5.01
CB,0 min,3,2.12
CB,0 min,4,1.7000000000000002
CB,0 min,5,4.78
CB,15 min,1,5.67
CB,15 min,2,4.07
CB,15 min,3,5.99
CB,15 min,4,5.52
CB,15 min,5,
CB,120 min,1,8.57
CB,120 min,2,6.94
CB,120 min,3,
CB,120 min,4,
CB,120 min,5,
RX,0 min,1,20.81
RX,0 min,2,12.14
RX,0 min,3,9.96
RX,0 min,4,15.95
RX,0 min,5,19.27
RX,15 min,1,14.25
RX,15 min,2,14.21
RX,15 min,3,13.6
RX,15 min,4,11.04
RX,15 min,5,21.08
RX,120 min,1,16.76
RX,120 min,2,16.8
RX,120 min,3,13.07
RX,120 min,4,11.47
RX,120 min,5,15.86
RX,fativ,1,13.42
RX,fativ,2,13.82
RX,fativ,3,19.63
RX,fativ,4,15.6
RX,fativ,5,17.87
RXQ,0 min,1,3.95
RXQ,0 min,2,6.49
RXQ,0 min,3,4.6
RXQ,0 min,4,6.59
RXQ,0 min,5,4.78
RXQ,15 min,1,8.14
RXQ,15 min,2,3.7
RXQ,15 min,3,
RXQ,15 min,4,
RXQ,15 min,5,
RXQ,120 min,1,4.39
RXQ,120 min,2,6.76
RXQ,120 min,3,4.8100000000000005
RXQ,120 min,4,10.68
RXQ,120 min,5,
