"A planilha intitulada ""Dados"" contém dados do projeto ""Fatores de risco na doença aterosclerótica coronariana"" coordenado pela",Unnamed: 1,Unnamed: 2,Unnamed: 3
Dra. Valéria Bezerra de Carvalho (INTERCOR) ,,,
O arquivo contém informações sobre as seguintes variáveis observadas em 1500 indivíduos.,,,
,,,
,,,
,,,
,,,
,,,
HA,HIPERTENSAO ARTERIAL          0-NAO TEM,1-TEM,
COL,COLESTEROL,,
HDL,HDL,,
LDL,LDL,,
VLDL,VLDL,,
TRIG,TRIGLICERIDES,,
DIAB,DIABETE MELLITUS                    0-NAO TEM,   1-TEM,
GLIC,GLICOSE,,
AH,ANTECEDENTES HEREDITARIOS,,
TABAG,TABAGISMO - 2 CATEGORIAS,,
TABAG4,TABAGISMO  - 4 CATEGORIAS,,
IDADE_M,IDADE DA MENOPAUSA,,
ALTURA,ALTURA DO PACIENTE,,
PESO,PESO DO PACIENTE,,
IMC,INDICE DE MASSA CORPORAL,,
ASS,ASSINTOMATICO,,
ANGEST,ANGINA ESTAVEL                     0-NAO TEM,    1-TEM,
ANGINS,ANGINA INSTAVEL                    0-NAO TEM,    1-TEM,
IMP,INFARTO DO MIOCARDIO PREVIO (< 1 ANO),    0-NAO,1-SIM
ICC,INSUFICIENCIA CARDIACA,    0-NÃO TEM,1-TEM
IMA,INFARTO DO MIOCARDIO ANTIGO ( > 1 ANO),    0-NAO,1-SIM
ARRIT,ARRITMIA                                  0-NAO TEM,    1-TEM,
ARTER,ARTERIOPATIA                        0-NENHUMA,    1-CAROT,2-AORT       3-CAROT+AORT
CAT,CATETERISMO,,
CD,GRAU DA LESAO NA CORONARIA DIREITA,,
DA,GRAU DA LESAO NA ARTERIA DESCENDENTE ANTERIOR,,
DI,GRAU DA LESAO NA ARTERIA DIAGONAL,,
CX,GRAU DA LESAO NA ARTERIA CIRCUNFLEXA,,
NUMAL,TOTAL DE ARTERIAS LESADAS,,
PLAQ,PLAQUETAS,,
TE,TESTE DE ESFORCO,,
FIB,FIBRINOGENIO,,
IDADE1,IDADE,,
SEXO,SEXO,,
M_PA,PRESSAO ARTERIAL COM MEDICAMENTO,,
M_C,COLESTEROL COM MEDICAMENTO,,
PSR,PRESSAO SISTOLICA REPOUSO,,
PDR,PRESSAO DIASTOLICA,,
IDA55,IDADE             >= 55  ==>1        ,<55 ==>0,
SEID,0  Fem>=55   1 Fem<55    2 Masc>=55 3 Masc<55,,
LO3,GRAU DA LESAO OBSTRUTIVA 1 >= 50%,0 < 50%,
OBESO,0 NAO OBESO             1 OBESO,,
IDREAL,IDADE REAL DA MENOPAUSA QUANDO EXISTENTE,,
SELO,0- F<50%    1 F>=50%    2 M<50%,3 M>=50%,
AH2,0- NAO TEM ANTECEDENTES HEREDITARIOS,1- TEM AH,
AH3,0- NAO   1- TEM 1AH     2- TEM MAIS QUE 2 AH,,
C/H,COL / HDL,,
L/H,LDL / HDL,,
IDA60,0 < 60  1 >= 60,,
SEID6,0 F>= 60        1 F< 60         2 M >=60      3 M<60,,
IDADFEM,IDADE DAS MULHERES (HOMENS=0),,
IDADMAS,IDADE DOS HOMENS (MULHERES=0),,
COLM,COLESTEROL COM MEDICAMENTO,,
COLS,COLESTEROL SEM MEDICAMENTO,,
HDLM,HDL COM MEDICAMENTO,,
HDLS,HDL SEM MEDICAMENTO,,
LDLM,LDL COM MEDICAMENTO,,
LDLS,LDL SEM MEDICAMENTO,,
VLDLM,VLDL COM MEDICAMENTO,,
VLDLS,VLDL SEM MEDICAMENTO,,
TRIGM,TRIGLICERIDES COM MEDICAMENTO,,
TRIGS,TRIGLICERIDES SEM MEDICAMENTO,,
GLICM,GLICOSE COM MEDICAMENTO,,
GLICS,GLICOSE SEM MEDICAMENTO,,
INFARTO,0-NAO TEVE      1-TEVE,,
C/H-M,COLESTEROL/HDL COM MEDICAMENTO,,
C/H-S,COLESTEROL/HDL SEM MEDICAMENTO,,
L/H-M,LDL/HDL COM MEDICAMENTO,,
L/H-S,LDL/HDL SEM MEDICAMENTO,,
,,,
,,,
"Ref: Singer, JM e Ikeda, K (1996). Relatório de análise estatística sobre o projeto ""Fatores de risco na doença aterosclerótica coronariana"". (RAE-CEA-9608).",,,
São Paulo: CEA/IME Universidade de São Paulo.,,,
