Unnamed: 0,Unnamed: 1,Unnamed: 2,Unnamed: 3,Unnamed: 4
,,,,
,,Pacientes que apresentam veia porta normal pelo exame radiológico - achados estes compatíveis com o intra-operatório.,,
,,,O padrão-ouro são os achados do intra-operatório.,
,,,,
,,Veia Porta,,
,,,,
,Nome,Achados Radiológicos ,Achados Intra-operatórios,Exame
1.0,I.M.J.,1,1,CT
2.0,F.O.S.P.,1,1,CT
3.0,L.F.N.C.,1,1,CT
4.0,R.M.M.M.C.,1,1,CT
5.0,A.P.Z.,1,1,CT
6.0,F.C.A.,1,1,CT
7.0,V.B.S.,1,1,CT
8.0,E.F.,1,1,CT
9.0,E.A.L.M.,1,1,CT
11.0,J.R.,1,1,CT
12.0,G.B.S.,1,1,CT
13.0,A.P.B.,1,1,CT
15.0,T.E.A.S.,1,1,CT
16.0,D.S.M.,1,1,CT
17.0,W.S.A.,1,1,CT
19.0,P.A.C.C.,1,1,CT
21.0,M.C.A.D.A.,1,1,CT
22.0,M.L.T.V.,1,1,CT
23.0,S.L.,1,1,CT
27.0,M.M.S.,1,1,CT
31.0,J.R.A.J.,1,1,CT
32.0,L.C.F.F.,1,1,CT
33.0,M.N.N.S.,1,1,CT
34.0,M.R.N.,1,1,CT
36.0,R.A.G.,1,1,CT
37.0,P.R.G.,1,1,CT
39.0,S.B.S.,1,1,CT
41.0,A.L.M.B.,1,1,CT
42.0,A.C.C.J.,1,1,CT
43.0,A.H.O.,1,1,CT
44.0,A.C.D.S.,1,1,CT
46.0,A.A.T.,1,1,CT
47.0,M.V.A.A.,1,1,CT
48.0,R.R.S.,1,1,CT
49.0,L.T.A.,1,1,CT
50.0,I.C.R.S.,1,1,CT
52.0,A.A.M.,1,1,CT
54.0,B.M.C.,1,1,CT
55.0,G.P.,1,1,CT
58.0,A.R.N.,1,1,CT
59.0,L.M.,1,1,CT
61.0,F.F.M.J.,1,1,CT
63.0,S.R.R.,1,1,CT
64.0,M.B.C.,1,1,CT
65.0,D.L.M.,1,1,CT
66.0,F.B.R.J.,1,1,CT
,,,,
,,Pacientes com veia porta normal pelo exame radiológico mas que apresentavam variações anatômicas no intra-operatório.,,
,,,,
,,,,
14.0,C.M.T.B.,1,4,CT
24.0,D.S.,1,2,CT
28.0,N.S.J.,1,4,CT
51.0,J.A.M.S.,1,2,CT
56.0,C.A.C.,1,4,CT
,,,,
,,,,
,,Pacientes com variações anatômicas nos exames de imagem onde essas variações foram confirmadas no intra-operatório.,,
,,,,
,,,,
10.0,D.C.R.B.,2,2,CT
18.0,D.J.S.,2,2,CT
20.0,M.C.,4,4,CT
25.0,E.G.S.,2,2,CT
26.0,T.B.S.,4,4,CT
29.0,A.A.F.,4,4,CT
30.0,G.C.,4,4,CT
38.0,R.C.,2,2,CT
40.0,A.S.B.,4,4,CT
53.0,D.E.R.,8,8,CT
57.0,S.M.,4,4,CT
60.0,L.B.,2,2,CT
62.0,E.C.A.,4,4,CT
,,,,
,,,,
,,Pacientes que apresentavam variações anatômicas nos exames de imagem mas que essas variações eram diferentes dos achados do intra-operatório.,,
,,,,
35.0,L.A.N.,2,4,CT
45.0,L.B.,2,4,CT
