informações resumidas,Unnamed: 1,Unnamed: 2,CABELOS,T0,T30,T60,Unnamed: 7
pacientes ,35,,1-JS,"9,75","10,95","14,26",
homens,19,,MORFINA,"50,4","33,6","53,2MG",
mulheres,16,,2-OHP,"3,32","4,52","5,72",
pardo,20,,MORFINA,46,"39,2MG",35MG,
branco,13,,3-VVR,"5,08","6,20","8,30",
negro,2,,MORFINA,88MG,15MG,81MG,
idade,26 ate 80,,4-LCCS,"4,28","5,48","8,80",
media idad,"49,02",,MORFINA,88MG,15MG,81MG,
catolico,20,,5-AMP,"3,02","4,22","4,73",
sem rel,3,,MORFINA,51.2,"75,2MG","70,4MG",
evangelico,9,,6-ACM,"1,32","3,84","5,25",
espirita,2,,MORFINA,47MG,42MG,50MG,
judia,1,,7-OA,"2,43","3,63","4,83",
peso,37-115,,MORFINA,"60,2MG",42,42,
med peso,"63,05",,8-VP,"1,25","2,59","3,78",
altura,"1,45-1,85",,MORFINA,56MG,56MG,56MG,
media alt,"1,63",,9-BSF,4.33,"4,68","7,02",
ins-fundam,25,,MORFINA,100MG,92MG,100MG,
2 grau,9,,10-TDBGM,"2,51","3,71","4,91",
univ,1,,MORFINA,18MG,"18,4MG",18MG,
lesão med,10,,11-MAPAS,"4,34","0,87","1,36",
lesão rad ,25,,MORFINA,"75,2MG","75,2","75,2",
locomindep,20,,12-CR,"5,72","7,56","8,62",
loc auxilio,5,,MORFINA,80MG,80MG,"75,2MG",
paraplegico10,10,,13-AP,"4,22","6,25","4,72",
TRAUMA,20,,MORFINA,"58,8MG","75,6MG","52,8MG",
FAF,6,,14-PLM,"4,43","5,63","7,17",
POS OPER,9,,MORFINA,49MG,"45,5MG",45MG,
ACID/COL,1-12 DE 32,,15-SRM,"3,64","4,53","1,57",
MEDIA ,"4,59",,MORFINA,47MG,"58,8MG","58,8MG",
ACID/COL,1PAC 20,,16-AMFS,"4,38","5,58","9,62",
EXCESSÃO27,27,,MORFINA,90MG,84MG,54MG,
,40,,17-RD,"0,91","1,41","2,59",
"SII 30 PAC1-4 M=2,76",,,MORFINA,100MG,98MG,70MG,
EXCESSÃO27,2-  7 ANOS,,18-VDP,"2,46","4,52","5,72",
5 PACIEN,1 - 14 ANOS,,MORFINA,94MG,68.8,"77,4MG",
,1- 6 ANOS,,19-JANC,"11,52","18,41","19,77",
,1-  5 ANOS,,MORFINA,82.4MG,72MG,72MG,
SIM/SII,17,,20-AFA,"4,25","5,45","5,45MG",
SII/ NÃO,18,,MORFINA,"23,4","24,6MG","25,2MG",
SOLTEIRO,7,,21-MSO,"1,25","2,41","7,56MG",
CASADO,18,,MORFINA,5MG,18MG,48MG,
VIUVO,3,,22-MCCS,"6,36","7,56","11,19",
SEPARAD,7,,MORFINA,"40,8MG",48MG,52.8MG,
OUTRA EN,INF U+ ANE,,23-SM,"1,84","5,20","11,62",
EMF SIST,5 has+1 DI,,MORFINA,84MG,94MG,100MG,
PROFISS,1 CHAVEIRO,,24-FCL,"4,61","5,78","6,08",
,1 ESTUDANTE ,,MORFINA,ZERO,"O,4MG",ZERO,
,1 COZINHEIRO,,25-SSP,"5,11","5,10","5,14",
,1 METALURGICO,,MORFINA,"53,4","57,6MG","56,4MG",
,1 ARTESÃO,,26-MBSS,"3,54","4,31","5,54",
,1 SUPERVISOR DE CONTAS,,MORFINA,"38.,4MG","38,4MG","38,4MG",
,9 OPERÁRIOS,, 27-ZCF,"5,34","6,36","7,56",
,1 PROF DE EDUCAÇÃO FISICA,,MORFINA,52MG,96MG,92MG,
,1 MARCENEIRO,,28-RF,"3,87","5,07","5,86",
,3 PEDREIROS,,MORFINA,92MG,84MG,90MG,
,2 AUXILIARES DE ENFERMAGEM,,29-RD,"0,91","1,41","5,63",
,5 COSTUREIRAS,,MORFINA,47MG,36MG,45MG,
,1 FAXINEIRO,,30-AVS,"10,29","10,29","15,39",
,1 CAIXA,,MORFINA,42MG,35MG,42MG,
,1 CHAAVEIRO,,31-JGS,"3,49","3,61","5,66",
,3 MOTORISTAS,,MORFINA,80MG,"73,6MG","78,4",
,1 DO LAR,,32-GSS,"0,05","0,37","6,25",
VAS T0,"2-9 M=5,81",,MORFINA,"76,8MG",72MG,"76,8MG",
VAST30,"0-10M=5,75",,33-JMS,"3,12","4,32","6,56",
VAST60,"0-8M=5,04",,MORFINA,"75,2MG","73,6MG","50,4MG",
,,,34-CAA,"1,83","1,90","2,16",
MGDT30,"19-70M=32,68",,"1,2-10,45M=","6,06","29,6MG",42MG,"T0=24,6MG"
MGT60,"19-70M=34,05",,"3,25-15,3M=6,7",,,,
MGDT0,13/70=32,,"3,5-14,7/M=6,57",,,,
,,,35-JSR,"0,28","1,55","2,75",
,,,MORFINA,46MG,48MG 47MG,,
