paciente,dias,evento,sonda,sexo,idade
1,70,0,protpla,F,85
2,121,1,protpla,F,81
3,257,1,protpla,F,80
4,7,0,protpla,M,91
5,3,1,protpla,F,82
6,37,1,protpla,F,66
7,15,1,protpla,F,86
8,8,1,protpla,F,82
9,407,0,protpla,F,82
10,866,1,protpla,F,76
11,328,1,protpla,M,73
12,194,1,protpla,M,79
13,31,1,protpla,M,65
14,153,0,protpla,F,76
15,93,1,protpla,F,69
16,80,1,protpla,M,75
17,190,1,protpla,F,81
18,67,0,WST,M,74
19,365,0,WST,F,82
20,77,1,WST,M,71
21,110,0,WST,M,71
22,309,1,WST,F,69
23,536,1,WST,M,84
24,249,0,WST,F,89
25,498,0,WST,F,80
26,84,1,WST,M,58
27,71,1,WST,M,63
28,94,1,WST,F,69
29,359,1,WST,M,72
30,119,1,WST,M,76
31,68,0,WST,M,53
32,147,1,WST,M,70
33,726,0,WST,F,78
34,71,1,WST,F,66
35,57,1,WST,F,56
