veiculo,preco,comp,motor,proc
Asia Towner,9440,3.36,40,Importado
Audi A3,38850,4.15,125,Importado
Chevrolet Astra,10532,4.11,110,Nacional
Chevrolet Blazer,16346,4.6,106,Nacional
Chevrolet Corsa,6176,3.73,60,Nacional
Chevrolet Tigra,12890,3.92,100,Importado
Chevrolet Vectra,13140,4.47,110,Nacional
Chrysler Neon,31640,4.36,115,Importado
Dodge Dakota,11630,4.98,121,Nacional
Fiat Fiorino,6700,4.16,76,Nacional
Fiat Marea,12923,4.39,127,Nacional
Fiat Mille,5257,3.64,57,Nacional
Fiat Palio,6260,3.73,61,Nacional
Fiat Siena,7780,4.1,61,Importado
Ford Escort,10767,4.2,115,Importado
Ford Fiesta,6316,3.83,52,Nacional
Ford Ka,5680,3.62,54,Nacional
Ford Mondeo,33718,4.5600000000000005,130,Importado
Honda Civic,14460,4.45,106,Nacional
Hyundai Accent,21500,4.12,91,Importado
Peugeot 106,13840,3.68,50,Importado
Renault Clio,13700,3.7,74,Importado
Toyota Corolla,15520,4.39,116,Nacional
Toyota Perua,24632,4.4,96,Nacional
VW Gol,6340,3.81,54,Nacional
VW Golf,22200,4.15,100,Importado
VW Parati,9300,4.08,69,Nacional
VW Polo,12018,4.14,99,Importado
VW Santana,11386,4.57,101,Nacional
VW Saveiro,7742,4.38,88,Nacional
